{
  "SelfCareProgress": {
    "BASAIF AHMAD ISLAM AHMAD": {
      "2025-06-09": {
        "✍️ Write 3 things you’re grateful for": false,
        "💧 Drink 8 glasses of water": false,
        "📖 Read for 15 minutes": false,
        "📞 Call or text a friend": false,
        "📵 No phone for 1 hour": false,
        "😊 Compliment yourself": false,
        "🚶 Walk outside for 15 minutes": false,
        "🧘 Meditate for 5 minutes": false
      }
    },
    "a": {
      "2025-06-10": {
        "✍️ Write 3 things you’re grateful for": true,
        "💧 Drink 8 glasses of water": true,
        "📖 Read for 15 minutes": true,
        "📞 Call or text a friend": false,
        "📵 No phone for 1 hour": true,
        "😊 Compliment yourself": true,
        "🚶 Walk outside for 15 minutes": true,
        "🧘 Meditate for 5 minutes": true
      },
      "2025-06-12": {
        " Call or text a friend": false,
        " Compliment yourself": true,
        " Drink 8 glasses of water": true,
        " Meditate for 5 minutes": true,
        " No phone for 1 hour": true,
        " Read for 15 minutes": true,
        " Walk outside for 15 minutes": true,
        "️ Write 3 things you’re grateful for": true
      }
    },
    "q": {
      "2025-06-10": {
        "💧 Drink 8 glasses of water": false
      }
    },
    "s": {
      "2025-06-09": {
        "✍️ Write 3 things you’re grateful for": false,
        "💧 Drink 8 glasses of water": false,
        "📖 Read for 15 minutes": false,
        "📞 Call or text a friend": false,
        "📵 No phone for 1 hour": false,
        "😊 Compliment yourself": false,
        "🚶 Walk outside for 15 minutes": false,
        "🧘 Meditate for 5 minutes": false
      }
    },
    "yaser": {
      "2025-06-09": {
        "✍️ Write 3 things you’re grateful for": false,
        "💧 Drink 8 glasses of water": false,
        "📖 Read for 15 minutes": false,
        "📞 Call or text a friend": false,
        "📵 No phone for 1 hour": false,
        "😊 Compliment yourself": false,
        "🚶 Walk outside for 15 minutes": false,
        "🧘 Meditate for 5 minutes": false
      }
    }
  },
  "SelfCareStreaks": {
    "BASAIF AHMAD ISLAM AHMAD": {
      "lastCompleted": "2025-06-09",
      "streakCount": 2
    },
    "a": {
      "lastCompleted": "2025-06-12",
      "streakCount": 5
    },
    "s": {
      "lastCompleted": "2025-06-09",
      "streakCount": 4
    },
    "yaser": {
      "lastCompleted": "2025-06-09",
      "streakCount": 5
    }
  },
  "donation_stories": {
    "-OSP1KaBSLGOCia4CA-1": {
      "location": "UMPSa",
      "name": "Yasser",
      "story": "I am poor"
    }
  },
  "donations": {
    "a": {
      "-OSP1QzZqvhIu06yPj_Q": {
        "amount": 10,
        "anonymous": true,
        "appFee": 1,
        "donated": 9,
        "recipient": "Yasser",
        "storyId": "-OSP1KaBSLGOCia4CA-1",
        "timestamp": 1749562279593
      },
      "-OSY6S701R8KsIFLWGWu": {
        "amount": 111,
        "anonymous": false,
        "appFee": 11.1,
        "donated": 99.9,
        "recipient": "Yasser",
        "storyId": "-OSP1KaBSLGOCia4CA-1",
        "timestamp": 1749714585347
      },
      "-OSYF07yeSjkNKlHPU_r": {
        "amount": 99,
        "anonymous": true,
        "appFee": 9.9,
        "donated": 89.1,
        "recipient": "Yasser",
        "storyId": "-OSP1KaBSLGOCia4CA-1",
        "timestamp": 1749716830612
      }
    },
    "q": {
      "-OSQ2XMYMA47CjHj-Bjb": {
        "amount": 10,
        "anonymous": false,
        "appFee": 1,
        "donated": 9,
        "recipient": "Yasser",
        "storyId": "-OSP1KaBSLGOCia4CA-1",
        "timestamp": 1749579345576
      },
      "-OSQB07QALyyadiqqJE3": {
        "amount": 10,
        "anonymous": true,
        "appFee": 1,
        "donated": 9,
        "recipient": "Yasser",
        "storyId": "-OSP1KaBSLGOCia4CA-1",
        "timestamp": 1749581568794
      },
      "-OSQwELf32AlZ38fP1Bb": {
        "amount": 10,
        "anonymous": false,
        "appFee": 1,
        "donated": 9,
        "recipient": "Yasser",
        "storyId": "-OSP1KaBSLGOCia4CA-1",
        "timestamp": 1749594210340
      },
      "-OSR-TgfAUVVqhTdy7kg": {
        "amount": 20,
        "anonymous": false,
        "appFee": 2,
        "donated": 18,
        "recipient": "Yasser",
        "storyId": "-OSP1KaBSLGOCia4CA-1",
        "timestamp": 1749595322124
      },
      "-OSR-WIuTKtvrblSfXJ-": {
        "amount": 20,
        "anonymous": false,
        "appFee": 2,
        "donated": 18,
        "recipient": "Yasser",
        "storyId": "-OSP1KaBSLGOCia4CA-1",
        "timestamp": 1749595332828
      },
      "-OSR-Y8slTb5uqIhzdfv": {
        "amount": 20,
        "anonymous": false,
        "appFee": 2,
        "donated": 18,
        "recipient": "Yasser",
        "storyId": "-OSP1KaBSLGOCia4CA-1",
        "timestamp": 1749595340378
      },
      "-OSR14GuR7YlPp7A6_qq": {
        "amount": 1,
        "anonymous": false,
        "appFee": 0.1,
        "donated": 0.9,
        "recipient": "Yasser",
        "storyId": "-OSP1KaBSLGOCia4CA-1",
        "timestamp": 1749595742024
      },
      "-OSTNaCXbhlbPxk62WUR": {
        "amount": 1,
        "anonymous": false,
        "appFee": 0.1,
        "donated": 0.9,
        "recipient": "Yasser",
        "storyId": "-OSP1KaBSLGOCia4CA-1",
        "timestamp": 1749635197057
      }
    },
    "yyyy": {
      "-OSTjzJJe03ruQnIFSB6": {
        "amount": 10000,
        "anonymous": true,
        "appFee": 1000,
        "donated": 9000,
        "recipient": "Yasser",
        "storyId": "-OSP1KaBSLGOCia4CA-1",
        "timestamp": 1749641327936
      },
      "-OSTk0ls9x7uP7yJ0qZr": {
        "amount": 10000,
        "anonymous": true,
        "appFee": 1000,
        "donated": 9000,
        "recipient": "Yasser",
        "storyId": "-OSP1KaBSLGOCia4CA-1",
        "timestamp": 1749641338026
      }
    }
  },
  "game_scores": {
    "YY": {
      "2025-06-10": {
        "-OSNQO-7aap7RYm60AI1": {
          "score": 3,
          "timestamp": 1749535264727
        },
        "-OSNTbdt5FJkotf79LTI": {
          "score": 0,
          "timestamp": 1749536111207
        }
      }
    },
    "a": {
      "2025-06-12": {
        "-OSa5S2IcIoBFY69aTHK": {
          "score": 3,
          "timestamp": 1749764656055
        }
      }
    },
    "s": {
      "2025-06-09": {
        "-OSJaobiS-a9SLTFtmxm": {
          "score": 0,
          "timestamp": 1749471152622
        },
        "-OSJi5FrMIZzKVnP8yvL": {
          "score": 0,
          "timestamp": 1749473062479
        },
        "-OSJiOu5_MFXkrfkZjNZ": {
          "score": 1,
          "timestamp": 1749473142465
        }
      }
    }
  },
  "moods": {
    "-OSIHec5oOUh5FGaucNi": {
      "date": "2025-06-09",
      "mood": "Angry",
      "note": "I kick my friend",
      "score": 0
    },
    "-OSIKJ0Xlv0wtxcJJxUj": {
      "date": "2025-06-09",
      "mood": "Happy",
      "note": "",
      "score": 5
    },
    "-OSIKMGB0Kq4GZZjzbY0": {
      "date": "2025-06-09",
      "mood": "Happy",
      "note": "",
      "score": 5
    },
    "-OSIKWZiuoq8Q8JYERaZ": {
      "date": "2025-06-09",
      "mood": "Sad",
      "note": "",
      "score": 1
    },
    "-OSIKYdFBuUhAX6snET5": {
      "date": "2025-06-09",
      "mood": "Sad",
      "note": "",
      "score": 1
    },
    "-OSIK_uBN5h4ORKPPHRJ": {
      "date": "2025-06-09",
      "mood": "Sad",
      "note": "",
      "score": 1
    },
    "-OSItCPITBWbD6lsJMt2": {
      "date": "2025-06-09",
      "mood": "Okay",
      "note": "I feel great today",
      "score": 4
    },
    "-OSJ-ZDtQ2wyBFF8DjnL": {
      "date": "2025-06-09",
      "mood": "Angry",
      "note": "THE WEEKND IS LAZY",
      "score": 0
    },
    "YY": {
      "2025-06-10": {
        "date": "2025-06-10",
        "mood": "Happy",
        "note": "",
        "score": 5,
        "username": "YY"
      }
    },
    "a": {
      "2025-06-12": {
        "date": "2025-06-12",
        "mood": "Happy",
        "note": "happy",
        "score": 5,
        "username": "a"
      }
    },
    "all": {
      "-OSLGX8pO-1FJzkkWxkE": {
        "date": "2025-06-09",
        "mood": "Okay",
        "note": "ee",
        "score": 4
      },
      "-OSLHxl3qlRxYsOyKLNC": {
        "date": "2025-06-09",
        "mood": "Happy",
        "note": "ee",
        "score": 5
      },
      "-OSLKD5wTsO1lDS67YZj": {
        "date": "2025-06-09",
        "mood": "Sad",
        "note": "ss",
        "score": 1,
        "username": "s"
      },
      "-OSMq7IVKJ8BY0PInWn4": {
        "date": "2025-06-10",
        "mood": "Sad",
        "note": "ddd",
        "score": 1,
        "username": "m"
      },
      "-OSMrBjYjdMxWg08OEl6": {
        "date": "2025-06-10",
        "mood": "Neutral",
        "note": "",
        "score": 3,
        "username": "m"
      },
      "-OSMsgaccBmyEzmEVq4V": {
        "date": "2025-06-10",
        "mood": "Angry",
        "note": "",
        "score": 0,
        "username": "m"
      },
      "-OSNHzvbluXSyCR6_G-F": {
        "date": "2025-06-10",
        "mood": "Neutral",
        "note": "",
        "score": 3,
        "username": "ss"
      },
      "-OSNPtIkLzhLlIPgxiue": {
        "date": "2025-06-10",
        "mood": "Happy",
        "note": "",
        "score": 5,
        "username": "YY"
      },
      "-OSQ9nMXTpCPHYowihOb": {
        "date": "2025-06-10",
        "mood": "Happy",
        "note": "gg",
        "score": 5,
        "username": "q"
      },
      "-OSY5hYPdtPF5U6a9ps_": {
        "date": "2025-06-12",
        "mood": "Angry",
        "note": "sad",
        "score": 0,
        "username": "a"
      },
      "-OSYEKZDHpOkSNxRQWhI": {
        "date": "2025-06-12",
        "mood": "Happy",
        "note": "happy",
        "score": 5,
        "username": "a"
      },
      "-OSdKIoBqeauFfFLJSK6": {
        "date": "2025-06-13",
        "mood": "Angry",
        "note": "I am sad",
        "score": 0,
        "username": "saeed"
      }
    },
    "q": {
      "2025-06-10": {
        "date": "2025-06-10",
        "mood": "Happy",
        "note": "gg",
        "score": 5,
        "username": "q"
      }
    },
    "s": {
      "2025-06-09": {
        "date": "2025-06-09",
        "mood": "Sad",
        "note": "ss",
        "score": 1,
        "username": "s"
      }
    },
    "saeed": {
      "2025-06-13": {
        "date": "2025-06-13",
        "mood": "Angry",
        "note": "I am sad",
        "score": 0,
        "username": "saeed"
      }
    },
    "ss": {
      "2025-06-10": {
        "date": "2025-06-10",
        "mood": "Neutral",
        "note": "",
        "score": 3,
        "username": "ss"
      }
    }
  },
  "quiz_results": {
    "BASAIF AHMAD ISLAM AHMAD": {
      "2025-06-09": {
        "-OSJ0gXXH8z2XaPAmmv_": {
          "score": 24,
          "timestamp": 1749461421887
        },
        "highest_score": 24
      }
    },
    "a": {
      "2025-06-10": {
        "-OSNhdFLmQgexpqX6C99": {
          "score": 3,
          "timestamp": 1749540050392
        },
        "highest_score": 3
      },
      "2025-06-12": {
        "-OSY5TW4VOBi1hC62WfR": {
          "score": 25,
          "timestamp": 1749714328853
        },
        "-OSYEZqCyqpz1GNsDh2V": {
          "score": 23,
          "timestamp": 1749716714727
        },
        "highest_score": 25
      },
      "2025-06-13": {
        "-OSas57axMZenUrlV49I": {
          "score": 12,
          "timestamp": 1749777671779
        },
        "-OSasBBHp6Xs2C7mVFsJ": {
          "score": 12,
          "timestamp": 1749777696591
        },
        "highest_score": 12
      }
    },
    "q": {
      "2025-06-10": {
        "-OSQA0v92z_Bk_kjKNCu": {
          "score": 23,
          "timestamp": 1749581309906
        },
        "highest_score": 23
      }
    },
    "s": {
      "2025-06-06": {
        "-OS3c5LSaKreZpK0jPVQ": {
          "score": 23,
          "timestamp": 1749203051933
        }
      },
      "2025-06-08": {
        "-OSFgzdcuvH3e9BU_Nxi": {
          "score": 23,
          "timestamp": 1749405661821
        },
        "-OSFh6Q1PXcUbYtX9Mym": {
          "score": 12,
          "timestamp": 1749405693655
        }
      },
      "2025-06-09": {
        "-OSIYgs-pRmEpiHaWnQ1": {
          "score": 25,
          "timestamp": 1749453558740
        },
        "-OSIYyDwiiEjtFT-TsJB": {
          "score": 0,
          "timestamp": 1749453629838
        },
        "-OSIYz6unqPDK_cev2h3": {
          "score": 0,
          "timestamp": 1749453633484
        },
        "-OSIZU97uEuyR01Dp4FT": {
          "score": 0,
          "timestamp": 1749453764698
        },
        "-OSIamgLc8VuLV55ygSt": {
          "score": 17,
          "timestamp": 1749454367510
        },
        "-OSIbDJDRCqlt0M7F40x": {
          "score": 40,
          "timestamp": 1749454482182
        },
        "-OSIbPOW-zJSM2UP4CpC": {
          "score": 4,
          "timestamp": 1749454531691
        },
        "-OSJ5V3fL477Qnqfm7r-": {
          "score": 0,
          "timestamp": 1749462679851
        },
        "highest_score": 40
      }
    },
    "ss": {
      "2025-06-10": {
        "-OSNIAOpIXsalF4AVZdh": {
          "score": 16,
          "timestamp": 1749533112174
        },
        "highest_score": 16
      }
    },
    "yaser": {
      "2025-06-09": {
        "-OSIvD5X6KLEHU04TdP6": {
          "score": 14,
          "timestamp": 1749459724347
        },
        "highest_score": 14
      }
    },
    "yyyy": {
      "2025-06-11": {
        "-OSV6yr99Q5YRhx2SZI4": {
          "score": 0,
          "timestamp": 1749664391302
        },
        "highest_score": 0
      }
    }
  },
  "users": {
    "-OS3cTLKTf8SyR1TfxRq": {
      "password": "m",
      "username": "m"
    },
    "-OSIPA_gbtVq9coJuvRS": {
      "password": "saeed",
      "username": "saeed"
    },
    "-OSIsvETlbY_vdMhng7M": {
      "password": "yaser",
      "username": "yaser"
    },
    "-OSIzNzq37DxzUpn1jED": {
      "password": "cf23003",
      "username": "BASAIF AHMAD ISLAM AHMAD"
    },
    "-OSN3Rkc2jCPNBk_gsp7": {
      "password": "m",
      "username": "m"
    },
    "-OSND0GJZ_d3XtcH-agX": {
      "password": "ss",
      "username": "YY"
    },
    "-OSNffmgLkup4y0DDYEW": {
      "password": "a",
      "username": "a"
    },
    "-OSP1XL75NQF6AbzqQrM": {
      "password": "q",
      "username": "q"
    },
    "-OSTjoyjIEUzh-Af3U8h": {
      "password": "yyyy",
      "username": "yyyy"
    },
    "-OSdK10EOrXhykniu3HR": {
      "password": "1234",
      "username": "saeed"
    }
  }
}